-- MySQL Script generated by MySQL Workbench
-- Wed Feb  3 14:11:48 2021
-- Model: New Model    Version: 1.0
-- MySQL Workbench Forward Engineering

SET @OLD_UNIQUE_CHECKS=@@UNIQUE_CHECKS, UNIQUE_CHECKS=0;
SET @OLD_FOREIGN_KEY_CHECKS=@@FOREIGN_KEY_CHECKS, FOREIGN_KEY_CHECKS=0;
SET @OLD_SQL_MODE=@@SQL_MODE, SQL_MODE='ONLY_FULL_GROUP_BY,STRICT_TRANS_TABLES,NO_ZERO_IN_DATE,NO_ZERO_DATE,ERROR_FOR_DIVISION_BY_ZERO,NO_ENGINE_SUBSTITUTION';

-- -----------------------------------------------------
-- Schema progressionapp
-- -----------------------------------------------------

-- -----------------------------------------------------
-- Schema progressionapp
-- -----------------------------------------------------
CREATE SCHEMA IF NOT EXISTS `progressionapp` DEFAULT CHARACTER SET utf8 ;
USE `progressionapp` ;

-- -----------------------------------------------------
-- Table `progressionapp`.`class`
-- -----------------------------------------------------
DROP TABLE IF EXISTS `progressionapp`.`class` ;

CREATE TABLE IF NOT EXISTS `progressionapp`.`class` (
  `class_name` VARCHAR(45) NOT NULL,
  `education` VARCHAR(45) NOT NULL,
  `cohort` VARCHAR(5) NOT NULL,
  PRIMARY KEY (`class_name`))
ENGINE = InnoDB;


-- -----------------------------------------------------
-- Table `progressionapp`.`course`
-- -----------------------------------------------------
DROP TABLE IF EXISTS `progressionapp`.`course` ;

CREATE TABLE IF NOT EXISTS `progressionapp`.`course` (
  `lessons` VARCHAR(5) NOT NULL,
  `course_name` VARCHAR(45) NOT NULL,
  PRIMARY KEY (`lessons`))
ENGINE = InnoDB;


-- -----------------------------------------------------
-- Table `progressionapp`.`student`
-- -----------------------------------------------------
DROP TABLE IF EXISTS `progressionapp`.`student` ;

CREATE TABLE IF NOT EXISTS `progressionapp`.`student` (
  `student_id` INT NOT NULL AUTO_INCREMENT,
  `class_name` VARCHAR(45) NOT NULL,
  `firstname` VARCHAR(45) NOT NULL,
  `infix` VARCHAR(10) NOT NULL,
  `lastname` VARCHAR(45) NOT NULL,
  PRIMARY KEY (`student_id`),
  INDEX `fk_students_class_name_idx` (`class_name` ASC) ,
  CONSTRAINT `fk_students_class_name`
    FOREIGN KEY (`class_name`)
    REFERENCES `progressionapp`.`class` (`class_name`)
    ON DELETE NO ACTION
    ON UPDATE NO ACTION)
ENGINE = InnoDB;


-- -----------------------------------------------------
-- Table `progressionapp`.`periode`
-- -----------------------------------------------------
DROP TABLE IF EXISTS `progressionapp`.`periode` ;

CREATE TABLE IF NOT EXISTS `progressionapp`.`periode` (
  `periode` VARCHAR(5) NOT NULL,
  `semester` VARCHAR(5) NOT NULL,
  PRIMARY KEY (`periode`))
ENGINE = InnoDB;


-- -----------------------------------------------------
-- Table `progressionapp`.`class_course`
-- -----------------------------------------------------
DROP TABLE IF EXISTS `progressionapp`.`class_course` ;

CREATE TABLE IF NOT EXISTS `progressionapp`.`class_course` (
  `lessons` VARCHAR(5) NOT NULL,
  `class_name` VARCHAR(45) NOT NULL,
  `periode` VARCHAR(5) NOT NULL,
  INDEX `fk_classes_courses_lessons_idx` (`lessons` ASC) ,
  INDEX `fk_classes_courses_class_name_idx` (`class_name` ASC) ,
  INDEX `fk_classes_courses_periode_idx` (`periode` ASC) ,
  CONSTRAINT `fk_classes_courses_lessons`
    FOREIGN KEY (`lessons`)
    REFERENCES `progressionapp`.`course` (`lessons`)
    ON DELETE NO ACTION
    ON UPDATE NO ACTION,
  CONSTRAINT `fk_classes_courses_class_name`
    FOREIGN KEY (`class_name`)
    REFERENCES `progressionapp`.`class` (`class_name`)
    ON DELETE NO ACTION
    ON UPDATE NO ACTION,
  CONSTRAINT `fk_classes_courses_periode`
    FOREIGN KEY (`periode`)
    REFERENCES `progressionapp`.`periode` (`periode`)
    ON DELETE NO ACTION
    ON UPDATE NO ACTION)
ENGINE = InnoDB;


SET SQL_MODE=@OLD_SQL_MODE;
SET FOREIGN_KEY_CHECKS=@OLD_FOREIGN_KEY_CHECKS;
SET UNIQUE_CHECKS=@OLD_UNIQUE_CHECKS;

-- -----------------------------------------------------
-- Data for table `progressionapp`.`class`
-- -----------------------------------------------------
START TRANSACTION;
USE `progressionapp`;
INSERT INTO `progressionapp`.`class` (`class_name`, `education`, `cohort`) VALUES ('AM2A', 'AM', 'C2020');
INSERT INTO `progressionapp`.`class` (`class_name`, `education`, `cohort`) VALUES ('AM2B', 'AM', 'C2020');
INSERT INTO `progressionapp`.`class` (`class_name`, `education`, `cohort`) VALUES ('AM1C', 'AM', 'C2020');
INSERT INTO `progressionapp`.`class` (`class_name`, `education`, `cohort`) VALUES ('AM1D', 'AM', 'C2020');

COMMIT;


-- -----------------------------------------------------
-- Data for table `progressionapp`.`course`
-- -----------------------------------------------------
START TRANSACTION;
USE `progressionapp`;
INSERT INTO `progressionapp`.`course` (`lessons`, `course_name`) VALUES ('WEB', 'PHP & CRUD');
INSERT INTO `progressionapp`.`course` (`lessons`, `course_name`) VALUES ('NED', 'Adjectives');
INSERT INTO `progressionapp`.`course` (`lessons`, `course_name`) VALUES ('ENG', 'Past Simple');
INSERT INTO `progressionapp`.`course` (`lessons`, `course_name`) VALUES ('BUR', 'Vrijheid');
INSERT INTO `progressionapp`.`course` (`lessons`, `course_name`) VALUES ('ASP', 'Essential Training');

COMMIT;


-- -----------------------------------------------------
-- Data for table `progressionapp`.`student`
-- -----------------------------------------------------
START TRANSACTION;
USE `progressionapp`;
INSERT INTO `progressionapp`.`student` (`student_id`, `class_name`, `firstname`, `infix`, `lastname`) VALUES (DEFAULT, 'AM2A', 'Ahmet', '', 'Erdogan');
INSERT INTO `progressionapp`.`student` (`student_id`, `class_name`, `firstname`, `infix`, `lastname`) VALUES (DEFAULT, 'AM2A', 'Arjan', 'de', 'Ruijter');
INSERT INTO `progressionapp`.`student` (`student_id`, `class_name`, `firstname`, `infix`, `lastname`) VALUES (DEFAULT, 'AM2A', 'Hans', '', 'Odijk');
INSERT INTO `progressionapp`.`student` (`student_id`, `class_name`, `firstname`, `infix`, `lastname`) VALUES (DEFAULT, 'AM2A', 'Cuneyt', '', 'Sterk');
INSERT INTO `progressionapp`.`student` (`student_id`, `class_name`, `firstname`, `infix`, `lastname`) VALUES (DEFAULT, 'AM2B', 'Nalinie', '', 'Zwemmer');
INSERT INTO `progressionapp`.`student` (`student_id`, `class_name`, `firstname`, `infix`, `lastname`) VALUES (DEFAULT, 'AM2B', 'Yaron', 'van den', 'Nieuwenhuijzen');
INSERT INTO `progressionapp`.`student` (`student_id`, `class_name`, `firstname`, `infix`, `lastname`) VALUES (DEFAULT, 'AM2B', 'Ghizlan', 'van der', 'Zon');
INSERT INTO `progressionapp`.`student` (`student_id`, `class_name`, `firstname`, `infix`, `lastname`) VALUES (DEFAULT, 'AM2B', 'Tarik', '', 'Comolokko');
INSERT INTO `progressionapp`.`student` (`student_id`, `class_name`, `firstname`, `infix`, `lastname`) VALUES (DEFAULT, 'AM2B', 'Talha', '', 'Kiymaz');
INSERT INTO `progressionapp`.`student` (`student_id`, `class_name`, `firstname`, `infix`, `lastname`) VALUES (DEFAULT, 'AM1C', 'Orpheo ', '', 'Woortman');
INSERT INTO `progressionapp`.`student` (`student_id`, `class_name`, `firstname`, `infix`, `lastname`) VALUES (DEFAULT, 'AM1C', 'Julienne ', '', 'Sneekes');
INSERT INTO `progressionapp`.`student` (`student_id`, `class_name`, `firstname`, `infix`, `lastname`) VALUES (DEFAULT, 'AM1C', 'Berry', '', 'Schermer');
INSERT INTO `progressionapp`.`student` (`student_id`, `class_name`, `firstname`, `infix`, `lastname`) VALUES (DEFAULT, 'AM1C', 'Kristin ', '', 'Passchier');
INSERT INTO `progressionapp`.`student` (`student_id`, `class_name`, `firstname`, `infix`, `lastname`) VALUES (DEFAULT, 'AM1C', 'Pieterdina ', '', 'Boonzaaijer');
INSERT INTO `progressionapp`.`student` (`student_id`, `class_name`, `firstname`, `infix`, `lastname`) VALUES (DEFAULT, 'AM1D', 'Pip ', '', 'Creemers');
INSERT INTO `progressionapp`.`student` (`student_id`, `class_name`, `firstname`, `infix`, `lastname`) VALUES (DEFAULT, 'AM1D', 'Cherryl ', '', 'Pels');
INSERT INTO `progressionapp`.`student` (`student_id`, `class_name`, `firstname`, `infix`, `lastname`) VALUES (DEFAULT, 'AM1D', 'Sheryl ', '', 'Touissaint');
INSERT INTO `progressionapp`.`student` (`student_id`, `class_name`, `firstname`, `infix`, `lastname`) VALUES (DEFAULT, 'AM1D', 'Teis', 'van der', 'Wel');
INSERT INTO `progressionapp`.`student` (`student_id`, `class_name`, `firstname`, `infix`, `lastname`) VALUES (DEFAULT, 'AM1D', 'Kenn', '', 'Perquin');

COMMIT;


-- -----------------------------------------------------
-- Data for table `progressionapp`.`periode`
-- -----------------------------------------------------
START TRANSACTION;
USE `progressionapp`;
INSERT INTO `progressionapp`.`periode` (`periode`, `semester`) VALUES ('P1', 'S1');
INSERT INTO `progressionapp`.`periode` (`periode`, `semester`) VALUES ('P2', 'S1');
INSERT INTO `progressionapp`.`periode` (`periode`, `semester`) VALUES ('P3', 'S2');
INSERT INTO `progressionapp`.`periode` (`periode`, `semester`) VALUES ('P4', 'S2');
INSERT INTO `progressionapp`.`periode` (`periode`, `semester`) VALUES ('P5', 'S3');
INSERT INTO `progressionapp`.`periode` (`periode`, `semester`) VALUES ('P6', 'S3');
INSERT INTO `progressionapp`.`periode` (`periode`, `semester`) VALUES ('P7', 'S4');
INSERT INTO `progressionapp`.`periode` (`periode`, `semester`) VALUES ('P8', 'S4');
INSERT INTO `progressionapp`.`periode` (`periode`, `semester`) VALUES ('P9', 'S5');
INSERT INTO `progressionapp`.`periode` (`periode`, `semester`) VALUES ('P10', 'S5');
INSERT INTO `progressionapp`.`periode` (`periode`, `semester`) VALUES ('P11', 'S6');
INSERT INTO `progressionapp`.`periode` (`periode`, `semester`) VALUES ('P12', 'S6');

COMMIT;


-- -----------------------------------------------------
-- Data for table `progressionapp`.`class_course`
-- -----------------------------------------------------
START TRANSACTION;
USE `progressionapp`;
INSERT INTO `progressionapp`.`class_course` (`lessons`, `class_name`, `periode`) VALUES ('WEB', 'AM2A', 'P1');
INSERT INTO `progressionapp`.`class_course` (`lessons`, `class_name`, `periode`) VALUES ('ENG', 'AM1C', 'P5');
INSERT INTO `progressionapp`.`class_course` (`lessons`, `class_name`, `periode`) VALUES ('NED', 'AM2B', 'P3');
INSERT INTO `progressionapp`.`class_course` (`lessons`, `class_name`, `periode`) VALUES ('BUR', 'AM1D', 'P7');
INSERT INTO `progressionapp`.`class_course` (`lessons`, `class_name`, `periode`) VALUES ('ASP', 'AM1D', 'P9');

COMMIT;

